Learning Rate,Iterations,Balance Percentage,Accuracy
0.05,1000,1.0,46.86523640908144
0.05,1000,0.75,60.612372422411994
0.05,1000,0.5,34.13872109977088
0.05,5000,1.0,45.94876067485941
0.05,5000,0.75,46.032076650697775
0.05,5000,0.5,60.92480733180587
